ジャンル,レシピ名
主菜,肉じゃが
主菜,ハンバーグ
主菜,生姜焼き
主菜,鶏の唐揚げ
主菜,豚の角煮
主菜,鮭の塩焼き
主菜,鯖の味噌煮
主菜,照り焼きチキン
主菜,鶏の南蛮漬け
主菜,鶏むね肉のピカタ
主菜,チキンカツ
主菜,エビフライ
主菜,回鍋肉（ホイコーロー）
主菜,麻婆豆腐
主菜,豚キムチ炒め
主菜,鶏と大根の煮物
主菜,鮭のホイル焼き
主菜,ぶりの照り焼き
主菜,鶏団子の甘酢あん
主菜,厚揚げと野菜の味噌炒め
主菜,鯖の竜田揚げ
主菜,鶏手羽元のさっぱり煮
主菜,鯵の南蛮漬け
主菜,鶏の味噌漬け焼き
主菜,エビチリ（家庭向け）
副菜,ほうれん草のごま和え
副菜,ひじきの煮物
副菜,きんぴらごぼう
副菜,切り干し大根の煮物
副菜,冷ややっこ
副菜,小松菜のナムル
副菜,キャベツの塩昆布和え
副菜,ピーマンとじゃこの炒め物
副菜,かぼちゃの煮物
副菜,長芋の梅和え
副菜,ミニトマトのマリネ
副菜,アスパラベーコン炒め
副菜,ブロッコリーの胡麻和え
副菜,マカロニサラダ
副菜,こんにゃくのピリ辛炒め
汁物,豆腐とわかめの味噌汁
汁物,なめこの味噌汁
汁物,大根と油揚げの味噌汁
汁物,じゃがいもの味噌汁
汁物,玉ねぎと卵のスープ
汁物,野菜たっぷり中華スープ
汁物,かぼちゃの味噌汁
汁物,かき玉汁
汁物,わかめとたまごのスープ
汁物,三つ葉の吸い物
ご飯もの,カレーライス
ご飯もの,親子丼
ご飯もの,牛丼
ご飯もの,オムライス
ご飯もの,炊き込みご飯
ご飯もの,そぼろ丼（三色丼）
ご飯もの,チャーハン
ご飯もの,焼きおにぎり
ご飯もの,しらすと大葉の混ぜご飯
ご飯もの,高菜チャーハン
デザート,フルーツヨーグルト
デザート,さつまいも茶巾
デザート,手作りゼリー
デザート,黒ごまプリン
デザート,フレンチトースト
旬の食材,春キャベツのコールスロー
旬の食材,新玉ねぎのサラダ
旬の食材,なすの焼き浸し
旬の食材,とうもろこしご飯
旬の食材,かぼちゃのそぼろ煮
旬の食材,しめじと小松菜の炒め物
旬の食材,さつまいもご飯
旬の食材,白菜と豚のミルフィーユ鍋
旬の食材,かぶのそぼろ煮
旬の食材,ふろふき大根
健康・美容,雑穀米のサラダ
健康・美容,ブロッコリーとゆで卵のサラダ
健康・美容,鶏むね肉のヨーグルト焼き
健康・美容,豆乳スープ
健康・美容,キウイとヨーグルトの和え物
健康・美容,ごま豆乳スープ
健康・美容,もち麦入り炊き込みご飯
健康・美容,ささみの梅しそ焼き
健康・美容,トマトとアボカドのサラダ
健康・美容,豆腐ドーナツ
時短・簡単,卵チャーハン
時短・簡単,お茶漬け（梅・鮭）
時短・簡単,レンジで蒸し野菜
時短・簡単,ツナときゅうりの和え物
時短・簡単,レンジ肉じゃが
時短・簡単,レンジでピーマンおかか和え
時短・簡単,レンジスクランブルエッグ丼
時短・簡単,しらすおろし丼
時短・簡単,しめじのバター醤油炒め
時短・簡単,冷ややっこ
時短・簡単,キャベツの塩昆布和え
時短・簡単,小松菜のナムル
時短・簡単,マカロニサラダ
時短・簡単,野菜スープ（コンソメ）
時短・簡単,きゅうりとわかめの酢の物
